user_id,install_date,last_session_date,sessions_count,session_duration,actions_count,churned
1,2024-04-12,2024-12-26,28,526,86,1
2,2024-12-14,2025-05-23,47,523,17,0
3,2024-09-27,2025-03-23,15,31,68,0
4,2024-04-16,2024-04-25,6,121,48,1
5,2024-03-12,2024-11-27,44,66,52,0
6,2024-07-07,2024-11-21,20,75,25,1
7,2024-01-21,2024-07-10,14,107,21,0
8,2024-04-12,2024-04-24,2,153,65,0
9,2024-05-01,2024-10-15,9,444,63,0
10,2024-08-02,2024-12-09,37,95,89,1
11,2024-11-26,2025-02-17,20,597,51,0
12,2024-03-28,2025-02-11,26,353,36,0
13,2024-04-09,2025-02-21,29,303,81,1
14,2024-12-25,2025-04-04,1,580,88,0
15,2024-05-31,2025-04-24,35,252,66,0
16,2024-05-10,2025-02-06,6,570,15,0
17,2024-05-29,2025-02-17,37,41,96,0
18,2024-11-04,2024-12-11,5,400,39,0
19,2024-09-14,2024-12-16,33,286,70,0
20,2024-12-09,2025-03-13,49,541,1,0
21,2024-10-20,2025-08-20,14,163,23,0
22,2024-07-10,2024-09-16,12,392,39,0
23,2024-10-03,2025-08-16,42,77,57,0
24,2024-06-09,2025-01-30,20,223,81,0
25,2024-11-09,2025-10-08,24,385,34,0
26,2024-01-22,2024-06-06,43,222,41,0
27,2024-09-09,2024-11-23,34,88,93,0
28,2024-08-23,2024-09-26,25,390,73,0
29,2024-12-10,2024-12-10,29,67,13,1
30,2024-02-18,2024-12-09,39,35,70,0
31,2024-02-28,2025-01-12,31,456,6,1
32,2024-06-18,2024-08-16,47,75,84,1
33,2024-07-06,2025-05-21,43,263,52,0
34,2024-09-27,2025-09-10,23,53,3,0
35,2024-07-08,2025-05-31,44,106,81,0
36,2024-06-23,2025-03-16,38,563,63,1
37,2024-02-20,2025-02-14,20,236,49,0
38,2024-12-29,2025-08-14,23,445,76,0
39,2024-02-24,2024-11-19,45,388,47,0
40,2024-08-31,2025-07-12,16,187,55,1
41,2024-11-15,2025-08-27,42,436,64,1
42,2024-05-10,2025-02-24,8,316,65,0
43,2024-11-02,2025-06-02,21,513,81,0
44,2024-05-14,2024-10-25,1,277,67,0
45,2024-01-21,2024-01-25,8,595,90,0
46,2024-11-24,2025-10-28,29,17,15,1
47,2024-06-15,2024-08-31,32,517,32,0
48,2024-09-30,2024-11-30,38,485,96,0
49,2024-03-29,2024-08-07,5,306,68,0
50,2024-11-11,2025-02-07,47,173,18,1
51,2024-01-14,2024-09-06,22,494,83,1
52,2024-08-29,2024-10-09,47,81,43,0
53,2024-09-21,2024-12-18,34,576,35,1
54,2024-12-11,2025-10-02,1,568,78,0
55,2024-02-22,2025-01-14,26,247,58,0
56,2024-12-05,2025-09-25,43,113,33,0
57,2024-04-01,2024-07-13,10,219,14,0
58,2024-09-20,2024-10-03,30,563,34,0
59,2024-02-04,2024-11-17,18,477,61,1
60,2024-07-24,2025-01-18,17,463,4,0
61,2024-03-21,2024-07-23,26,277,88,0
62,2024-02-19,2025-02-05,8,395,59,0
63,2024-12-25,2025-01-16,47,396,29,0
64,2024-01-02,2024-03-04,40,268,83,1
65,2024-02-23,2024-07-14,49,292,6,0
66,2024-04-15,2024-09-14,12,49,97,0
67,2024-09-16,2025-02-07,27,495,49,1
68,2024-11-05,2025-06-17,8,229,40,0
69,2024-07-09,2025-05-13,25,138,83,0
70,2024-08-05,2024-11-16,46,529,65,0
71,2024-02-13,2024-05-26,4,269,69,0
72,2024-06-10,2024-07-18,33,375,27,1
73,2024-07-20,2025-02-02,1,553,80,1
74,2024-09-26,2025-02-06,19,533,6,0
75,2024-12-16,2025-02-20,31,25,13,1
76,2024-10-30,2025-04-26,16,138,64,0
77,2024-09-27,2024-11-07,14,584,62,0
78,2024-08-02,2024-08-16,48,118,99,0
79,2024-09-08,2024-12-27,5,542,19,0
80,2024-07-08,2024-12-11,41,278,76,0
81,2024-10-22,2025-08-06,26,171,80,0
82,2024-07-31,2025-03-18,28,269,43,1
83,2024-07-26,2024-12-29,2,111,74,0
84,2024-08-24,2024-09-30,6,515,89,0
85,2024-12-03,2025-03-09,9,580,20,0
86,2024-02-22,2024-12-06,33,256,95,0
87,2024-10-06,2025-06-16,41,546,68,0
88,2024-08-04,2025-02-15,25,140,44,0
89,2024-09-08,2024-12-02,48,362,23,1
90,2024-07-06,2025-05-23,13,205,2,0
91,2024-02-10,2024-02-19,9,391,22,0
92,2024-06-05,2024-06-09,13,236,57,0
93,2024-01-15,2024-05-16,31,485,72,0
94,2024-10-27,2025-09-21,41,486,7,0
95,2024-03-05,2025-02-20,11,274,78,1
96,2024-12-10,2025-04-06,4,381,56,0
97,2024-11-22,2025-09-11,34,495,67,0
98,2024-01-09,2024-06-15,38,443,16,0
99,2024-12-09,2025-10-07,46,220,83,0
100,2024-05-08,2024-12-21,4,581,51,0
101,2024-05-15,2025-05-14,38,386,82,1
102,2024-03-03,2024-10-04,19,404,80,0
103,2024-05-18,2024-11-17,6,459,72,1
104,2024-03-21,2024-04-04,34,373,97,0
105,2024-06-11,2024-11-14,18,466,12,1
106,2024-10-15,2025-02-27,13,235,53,0
107,2024-09-17,2025-06-04,41,140,75,0
108,2024-08-18,2025-01-21,23,597,5,0
109,2024-02-10,2024-03-27,19,485,27,1
110,2024-01-28,2024-12-16,45,286,12,0
111,2024-05-14,2025-04-10,11,165,17,0
112,2024-07-19,2025-01-07,1,227,6,0
113,2024-11-23,2025-04-01,24,199,97,1
114,2024-09-24,2024-12-27,7,426,5,0
115,2024-02-02,2024-05-26,25,555,57,1
116,2024-02-17,2024-10-16,21,50,28,0
117,2024-03-02,2024-12-18,15,316,78,0
118,2024-08-03,2025-05-11,1,347,69,0
119,2024-10-19,2025-08-13,12,323,59,1
120,2024-04-08,2025-01-15,7,84,33,0
121,2024-06-20,2024-08-27,15,288,62,1
122,2024-12-25,2025-05-21,21,185,50,0
123,2024-08-01,2024-08-11,19,282,19,0
124,2024-02-04,2024-10-14,29,298,86,0
125,2024-08-14,2025-07-09,25,281,69,0
126,2024-04-10,2025-04-04,33,75,66,1
127,2024-05-10,2024-06-16,49,492,94,1
128,2024-09-13,2025-01-24,32,257,47,1
129,2024-01-05,2024-07-22,49,165,39,1
130,2024-08-05,2024-08-27,35,56,68,0
131,2024-09-11,2025-07-10,44,463,33,0
132,2024-12-24,2025-12-04,38,210,13,1
133,2024-10-09,2025-08-06,26,133,84,0
134,2024-07-25,2025-07-22,11,10,54,1
135,2024-01-15,2024-08-19,35,200,7,1
136,2024-12-11,2025-04-30,8,588,79,0
137,2024-02-11,2024-05-24,46,525,87,1
138,2024-06-27,2025-01-22,14,451,14,0
139,2024-03-03,2024-06-21,10,152,87,0
140,2024-12-17,2025-03-30,2,200,19,0
141,2024-08-18,2025-06-29,46,542,54,0
142,2024-08-28,2025-02-14,9,236,93,0
143,2024-02-21,2025-02-10,3,322,20,0
144,2024-04-05,2025-02-22,21,311,29,1
145,2024-08-09,2024-12-19,26,469,24,1
146,2024-08-18,2025-06-06,8,410,82,0
147,2024-08-24,2025-07-17,48,560,63,0
148,2024-05-22,2024-09-25,2,402,74,1
149,2024-06-19,2024-10-02,6,216,57,0
150,2024-01-29,2024-04-29,28,219,8,0
151,2024-02-05,2024-11-17,29,124,90,0
152,2024-01-13,2024-03-03,26,260,62,0
153,2024-06-08,2024-07-06,25,228,29,0
154,2024-11-22,2025-09-13,12,416,74,1
155,2024-07-05,2025-04-27,5,452,17,0
156,2024-08-30,2025-03-31,34,363,66,0
157,2024-03-26,2024-12-17,48,567,6,0
158,2024-10-10,2025-06-23,37,559,58,0
159,2024-03-06,2025-01-01,15,151,69,0
160,2024-06-18,2024-09-26,44,510,28,1
161,2024-02-14,2025-01-24,36,556,62,1
162,2024-03-02,2024-06-19,15,551,41,0
163,2024-05-13,2024-11-10,43,516,69,1
164,2024-10-10,2025-08-18,48,290,82,1
165,2024-01-28,2024-01-28,23,433,90,1
166,2024-04-17,2025-03-01,6,279,84,0
167,2024-02-13,2024-04-07,46,163,41,0
168,2024-12-05,2025-05-02,44,92,49,0
169,2024-10-12,2025-08-16,43,435,91,0
170,2024-11-26,2025-04-11,45,284,49,0
171,2024-05-07,2024-11-24,21,293,76,0
172,2024-12-13,2025-10-21,23,182,71,1
173,2024-08-18,2024-12-12,43,336,3,1
174,2024-07-08,2024-12-08,16,72,10,1
175,2024-08-12,2025-05-29,47,82,98,0
176,2024-10-09,2024-12-10,15,384,89,0
177,2024-04-30,2024-12-29,25,517,35,0
178,2024-04-25,2024-05-19,36,407,80,0
179,2024-08-20,2024-11-17,11,129,2,0
180,2024-09-15,2024-11-28,15,446,24,0
181,2024-12-24,2025-10-13,4,474,74,0
182,2024-07-16,2025-02-10,21,295,38,1
183,2024-05-16,2025-04-27,13,274,22,0
184,2024-11-13,2024-11-29,22,329,26,1
185,2024-06-13,2024-10-18,19,385,43,0
186,2024-08-12,2025-08-10,34,98,55,0
187,2024-11-02,2025-07-10,14,212,39,0
188,2024-08-21,2025-02-15,4,343,91,0
189,2024-06-20,2024-12-18,48,231,29,0
190,2024-05-31,2024-10-29,46,50,20,0
191,2024-11-10,2024-12-04,27,77,91,0
192,2024-06-08,2024-12-04,29,523,41,0
193,2024-04-05,2024-10-19,47,136,54,0
194,2024-08-20,2025-07-29,28,264,20,1
195,2024-06-28,2024-12-05,35,25,19,0
196,2024-04-22,2024-10-15,8,486,84,1
197,2024-11-13,2025-08-24,16,71,99,0
198,2024-02-21,2024-04-23,42,441,66,1
199,2024-09-24,2025-02-20,36,277,30,1
200,2024-10-21,2025-03-23,30,44,53,0
201,2024-04-22,2024-09-24,18,585,34,0
202,2024-04-10,2024-05-28,2,503,22,1
203,2024-04-22,2025-03-24,49,571,67,0
204,2024-03-21,2024-06-12,13,478,6,0
205,2024-07-05,2025-06-30,4,334,79,0
206,2024-04-22,2024-10-15,26,313,27,1
207,2024-01-02,2024-05-28,25,285,10,1
208,2024-05-09,2024-09-03,30,210,73,0
209,2024-08-07,2025-07-14,11,454,97,0
210,2024-02-23,2024-04-25,7,333,96,0
211,2024-12-08,2025-06-14,31,44,48,0
212,2024-08-11,2025-08-05,44,491,70,1
213,2024-08-12,2024-09-29,10,489,59,0
214,2024-05-05,2025-03-27,39,74,59,0
215,2024-05-09,2025-01-20,13,17,2,0
216,2024-02-22,2024-10-02,31,310,29,1
217,2024-06-20,2024-11-07,7,352,68,0
218,2024-08-05,2025-03-07,49,440,65,0
219,2024-06-08,2025-01-04,42,433,83,0
220,2024-07-16,2025-05-29,42,341,26,0
221,2024-09-03,2024-10-04,36,447,89,0
222,2024-11-19,2025-04-25,20,597,10,0
223,2024-07-21,2025-05-01,4,183,53,0
224,2024-07-02,2025-05-02,7,568,79,1
225,2024-05-02,2025-02-11,1,536,59,1
226,2024-09-11,2025-02-01,44,35,22,1
227,2024-10-20,2024-11-07,45,415,51,0
228,2024-10-06,2024-10-23,42,241,48,1
229,2024-11-20,2025-08-03,47,542,21,0
230,2024-04-07,2024-06-23,13,559,22,0
231,2024-07-16,2025-01-06,22,514,98,0
232,2024-08-27,2025-03-08,21,188,30,0
233,2024-05-23,2024-09-12,22,141,25,0
234,2024-04-06,2024-07-28,28,464,28,0
235,2024-07-19,2025-02-25,9,357,65,0
236,2024-05-03,2024-10-15,26,549,45,0
237,2024-07-05,2025-05-19,9,415,68,0
238,2024-11-21,2025-04-01,15,85,7,0
239,2024-12-14,2025-09-03,10,588,49,0
240,2024-09-15,2024-11-08,24,501,9,1
241,2024-05-27,2025-05-20,42,203,36,1
242,2024-09-08,2025-01-16,8,171,83,0
243,2024-12-11,2025-09-24,24,356,1,0
244,2024-05-26,2025-02-15,16,370,10,0
245,2024-05-27,2024-11-04,49,593,36,1
246,2024-12-17,2025-03-13,26,96,73,0
247,2024-07-17,2024-09-09,27,271,46,0
248,2024-11-03,2025-08-17,37,223,32,0
249,2024-05-07,2024-10-31,4,582,32,0
250,2024-02-08,2025-01-21,24,271,6,0
251,2024-12-03,2024-12-10,19,292,48,1
252,2024-12-25,2025-11-10,36,476,38,0
253,2024-05-08,2025-03-16,39,389,17,0
254,2024-09-23,2025-05-27,10,371,74,1
255,2024-05-30,2025-04-17,25,458,27,1
256,2024-10-24,2025-07-05,18,450,54,0
257,2024-04-08,2025-03-01,19,102,50,0
258,2024-09-19,2024-11-11,36,433,35,0
259,2024-09-08,2025-05-14,10,151,85,1
260,2024-05-23,2025-01-16,33,300,25,0
261,2024-12-11,2025-07-27,5,441,28,1
262,2024-04-21,2024-06-26,47,58,15,0
263,2024-02-29,2024-04-19,49,311,4,0
264,2024-01-02,2024-04-07,35,199,93,0
265,2024-10-30,2025-01-29,44,145,73,0
266,2024-09-10,2025-05-31,34,564,27,0
267,2024-05-19,2025-03-05,33,413,26,0
268,2024-02-06,2024-05-11,21,350,19,0
269,2024-06-08,2024-09-03,17,327,92,1
270,2024-01-09,2024-03-26,22,372,17,0
271,2024-08-20,2025-06-03,48,391,43,1
272,2024-04-08,2024-08-05,37,242,41,0
273,2024-05-26,2025-03-23,15,353,42,0
274,2024-10-30,2025-04-12,35,558,50,0
275,2024-07-26,2025-01-23,28,562,84,0
276,2024-05-10,2024-12-18,7,538,40,1
277,2024-05-31,2025-04-06,32,580,39,0
278,2024-02-23,2024-02-29,11,192,23,0
279,2024-04-29,2025-03-24,10,50,96,0
280,2024-06-09,2025-02-26,9,560,52,0
281,2024-04-25,2024-10-02,14,406,47,0
282,2024-03-15,2024-08-12,13,503,63,1
283,2024-04-22,2024-07-15,25,342,97,1
284,2024-04-13,2024-09-06,2,136,69,0
285,2024-12-05,2025-03-26,35,567,43,0
286,2024-09-10,2024-10-15,7,566,48,0
287,2024-08-14,2025-05-25,21,10,34,0
288,2024-04-21,2024-10-25,18,177,40,0
289,2024-04-08,2024-06-28,3,28,75,0
290,2024-06-01,2024-06-02,42,341,61,0
291,2024-12-14,2025-10-12,39,593,50,0
292,2024-12-03,2025-06-17,41,465,67,0
293,2024-07-12,2024-07-22,49,118,62,0
294,2024-11-05,2025-06-26,11,277,58,0
295,2024-06-11,2024-12-22,39,454,33,0
296,2024-07-26,2024-11-21,24,249,75,1
297,2024-06-17,2024-07-06,46,310,16,0
298,2024-06-09,2025-02-24,19,112,82,0
299,2024-03-08,2024-12-25,4,259,94,0
300,2024-10-15,2025-06-27,26,462,48,1
301,2024-10-03,2025-05-12,38,529,10,0
302,2024-10-30,2025-06-12,42,162,82,0
303,2024-05-14,2024-07-05,32,183,38,0
304,2024-07-13,2025-07-02,39,352,19,1
305,2024-05-07,2025-04-13,45,440,36,1
306,2024-02-02,2025-01-30,46,333,59,0
307,2024-06-24,2025-03-30,36,429,63,1
308,2024-01-22,2024-04-11,40,494,77,1
309,2024-08-25,2025-03-14,37,421,46,1
310,2024-06-06,2024-11-10,33,93,3,0
311,2024-02-07,2024-06-05,36,122,74,0
312,2024-08-17,2024-10-14,3,341,65,0
313,2024-12-30,2025-08-01,9,387,91,1
314,2024-02-20,2024-06-26,8,50,8,0
315,2024-09-20,2025-05-01,33,114,51,0
316,2024-10-09,2025-05-05,6,211,81,0
317,2024-01-27,2024-05-20,41,459,73,1
318,2024-08-13,2025-03-09,39,275,6,1
319,2024-10-03,2024-10-16,4,219,89,0
320,2024-10-12,2024-10-20,13,572,39,1
321,2024-04-06,2024-05-15,49,127,60,0
322,2024-10-10,2025-06-03,2,386,28,1
323,2024-11-12,2025-08-19,5,560,97,0
324,2024-10-30,2025-10-23,44,549,54,0
325,2024-05-26,2024-12-12,27,93,37,1
326,2024-01-04,2024-09-05,32,463,9,0
327,2024-02-04,2024-11-07,21,523,82,1
328,2024-07-10,2025-03-01,8,396,56,0
329,2024-02-18,2024-02-21,38,359,59,0
330,2024-01-17,2024-06-18,8,305,85,0
331,2024-06-20,2024-07-18,3,267,2,0
332,2024-08-07,2024-11-23,44,90,61,0
333,2024-06-06,2024-09-11,3,277,58,0
334,2024-02-15,2024-09-16,22,428,60,0
335,2024-01-06,2024-10-24,6,244,40,0
336,2024-04-08,2024-06-21,2,320,36,1
337,2024-08-20,2025-07-11,23,366,37,1
338,2024-02-06,2024-06-30,44,222,79,0
339,2024-10-06,2025-02-10,2,583,92,1
340,2024-12-14,2025-11-19,38,58,18,0
341,2024-10-28,2024-12-08,17,136,98,0
342,2024-06-29,2025-06-19,35,232,63,1
343,2024-04-04,2024-05-14,34,288,22,1
344,2024-04-08,2024-05-11,23,417,11,0
345,2024-07-06,2024-07-22,30,514,58,1
346,2024-04-25,2024-10-06,8,303,57,0
347,2024-07-09,2024-12-08,22,286,77,1
348,2024-09-09,2024-11-23,44,447,4,0
349,2024-06-09,2024-09-03,36,116,86,0
350,2024-09-12,2025-01-06,5,429,7,0
351,2024-11-18,2025-11-14,13,438,61,0
352,2024-05-07,2025-04-13,29,384,54,0
353,2024-01-18,2024-02-13,31,82,88,1
354,2024-10-07,2025-08-15,47,39,68,0
355,2024-08-10,2025-05-23,16,197,92,0
356,2024-02-23,2024-07-05,42,373,79,0
357,2024-02-27,2024-10-02,30,460,1,0
358,2024-11-18,2025-05-04,16,204,55,0
359,2024-12-25,2025-04-01,12,165,3,0
360,2024-06-22,2025-03-16,17,181,78,0
361,2024-10-06,2025-05-30,16,50,38,0
362,2024-04-23,2025-02-25,12,72,1,0
363,2024-10-14,2025-04-04,8,32,38,1
364,2024-12-07,2025-06-14,20,369,85,1
365,2024-05-30,2024-09-28,3,84,29,0
366,2024-05-06,2024-06-20,16,569,5,0
367,2024-06-03,2024-08-05,30,127,74,0
368,2024-09-29,2025-02-05,45,389,92,0
369,2024-04-13,2025-02-16,23,299,21,0
370,2024-10-25,2025-10-22,28,449,71,0
371,2024-09-02,2025-03-13,40,16,67,0
372,2024-06-24,2025-04-26,5,205,47,0
373,2024-02-08,2024-08-06,20,430,84,0
374,2024-06-18,2025-04-05,40,577,83,1
375,2024-09-03,2025-06-11,44,202,35,1
376,2024-01-26,2024-02-23,1,568,68,0
377,2024-12-20,2025-05-17,30,157,69,0
378,2024-11-01,2025-07-25,21,211,1,1
379,2024-01-13,2024-11-03,20,453,68,1
380,2024-11-11,2024-11-21,6,428,12,0
381,2024-11-08,2025-04-20,22,436,60,0
382,2024-02-05,2024-05-27,18,488,27,0
383,2024-06-21,2024-12-24,8,484,56,0
384,2024-01-20,2024-11-09,39,135,23,0
385,2024-11-16,2025-07-05,32,404,25,0
386,2024-09-20,2025-05-04,33,585,21,0
387,2024-05-21,2025-03-26,16,334,61,0
388,2024-05-22,2024-08-27,12,401,63,1
389,2024-04-01,2024-05-25,38,449,52,0
390,2024-12-19,2025-04-08,34,213,88,0
391,2024-11-17,2025-04-17,14,495,25,0
392,2024-10-14,2025-06-16,36,40,55,0
393,2024-08-02,2024-10-09,33,397,46,1
394,2024-12-07,2025-10-14,23,443,32,0
395,2024-02-20,2024-12-04,45,385,55,0
396,2024-06-01,2025-02-05,2,353,96,1
397,2024-07-04,2024-08-08,41,452,5,0
398,2024-03-03,2024-10-27,21,588,36,1
399,2024-07-08,2024-12-02,2,84,49,0
400,2024-05-04,2024-12-16,27,566,58,0
401,2024-05-29,2025-01-27,9,164,39,0
402,2024-11-09,2025-10-11,1,439,80,0
403,2024-02-27,2025-02-25,11,372,97,1
404,2024-12-07,2025-06-25,3,457,85,1
405,2024-10-31,2025-04-02,23,243,61,0
406,2024-06-28,2024-09-08,26,572,9,0
407,2024-06-18,2025-01-04,4,271,6,1
408,2024-11-21,2025-09-12,18,134,35,1
409,2024-09-27,2024-10-13,6,254,39,0
410,2024-02-23,2024-06-30,35,551,22,0
411,2024-04-10,2024-11-12,22,494,41,0
412,2024-09-20,2024-11-19,43,131,5,1
413,2024-02-22,2024-06-04,15,134,42,0
414,2024-02-29,2024-04-10,22,558,87,0
415,2024-04-17,2024-05-11,37,179,81,1
416,2024-01-05,2024-02-12,42,133,76,0
417,2024-04-12,2025-01-27,12,44,87,0
418,2024-07-14,2024-11-21,47,96,80,0
419,2024-09-18,2025-05-04,49,210,67,0
420,2024-12-30,2025-04-16,42,378,30,0
421,2024-12-15,2025-06-04,38,86,57,0
422,2024-02-16,2024-05-27,18,68,86,0
423,2024-12-20,2025-12-08,45,440,73,0
424,2024-11-06,2024-11-17,35,509,29,1
425,2024-11-03,2025-08-04,30,118,37,1
426,2024-05-23,2024-08-31,24,287,87,0
427,2024-09-25,2024-11-07,42,77,13,0
428,2024-05-03,2025-03-03,30,78,32,0
429,2024-04-15,2024-05-01,14,174,46,0
430,2024-06-06,2025-05-01,6,498,23,0
431,2024-05-26,2024-07-21,3,314,45,0
432,2024-05-24,2025-03-30,16,374,17,0
433,2024-04-29,2025-02-25,7,388,85,0
434,2024-11-14,2024-11-25,14,352,66,0
435,2024-10-01,2025-08-14,9,563,6,0
436,2024-04-01,2024-06-19,15,363,18,0
437,2024-02-27,2024-09-29,21,425,94,0
438,2024-12-11,2025-11-14,35,118,22,0
439,2024-08-16,2025-05-06,2,572,33,1
440,2024-04-26,2024-09-21,27,506,30,1
441,2024-11-13,2025-02-01,2,350,81,0
442,2024-10-05,2025-05-07,35,392,32,0
443,2024-05-06,2024-11-19,18,542,42,0
444,2024-05-08,2024-11-23,14,309,78,0
445,2024-02-27,2024-03-22,20,148,10,0
446,2024-05-01,2024-07-28,18,368,36,1
447,2024-01-01,2024-09-24,10,508,34,0
448,2024-08-26,2025-01-15,25,394,73,1
449,2024-10-16,2024-12-13,2,289,28,0
450,2024-04-05,2025-04-04,25,492,11,0
451,2024-05-05,2024-05-30,33,120,78,1
452,2024-04-27,2024-06-12,36,148,39,0
453,2024-02-17,2024-11-30,31,444,47,0
454,2024-03-29,2024-12-19,14,518,19,0
455,2024-08-24,2024-09-08,1,282,15,0
456,2024-09-28,2025-04-14,46,108,28,1
457,2024-07-07,2025-04-14,16,113,24,0
458,2024-07-10,2024-10-03,46,223,72,1
459,2024-03-09,2024-11-13,3,174,9,1
460,2024-10-04,2025-06-30,35,529,47,1
461,2024-12-14,2025-11-13,41,293,33,0
462,2024-09-03,2024-12-28,6,526,62,0
463,2024-03-16,2024-03-22,25,173,97,1
464,2024-06-02,2024-10-16,13,73,19,0
465,2024-05-23,2024-11-14,34,100,67,0
466,2024-03-26,2025-02-16,8,126,74,0
467,2024-07-03,2025-05-13,21,276,40,0
468,2024-10-11,2025-05-13,34,568,47,0
469,2024-08-07,2024-10-27,4,149,65,0
470,2024-03-09,2024-10-17,25,255,29,0
471,2024-02-16,2024-05-28,15,404,50,1
472,2024-04-03,2024-12-31,4,496,98,0
473,2024-08-25,2024-09-07,45,485,13,1
474,2024-07-22,2024-12-27,12,526,1,0
475,2024-08-05,2025-01-03,32,193,34,1
476,2024-12-06,2025-03-23,32,29,93,0
477,2024-02-08,2024-08-13,28,567,48,1
478,2024-04-09,2025-02-03,13,533,77,0
479,2024-10-15,2025-01-20,31,591,48,1
480,2024-09-10,2025-01-18,14,538,49,0
481,2024-08-09,2025-05-28,20,156,64,1
482,2024-12-22,2025-06-10,18,313,61,1
483,2024-01-23,2024-07-23,29,591,29,0
484,2024-09-06,2025-09-04,6,237,39,0
485,2024-01-10,2024-02-17,32,111,88,1
486,2024-09-02,2024-09-16,29,596,26,0
487,2024-11-20,2024-11-23,43,426,17,1
488,2024-04-09,2025-03-23,2,225,71,0
489,2024-10-16,2025-05-13,23,416,13,0
490,2024-06-28,2024-12-05,19,408,69,1
491,2024-08-10,2024-08-25,31,508,26,0
492,2024-09-06,2024-12-22,5,474,49,1
493,2024-05-26,2025-04-01,19,91,67,0
494,2024-04-05,2024-11-17,34,374,7,0
495,2024-09-13,2025-03-01,10,172,58,0
496,2024-11-20,2024-12-23,25,57,49,0
497,2024-01-04,2024-09-10,2,520,53,0
498,2024-01-16,2024-09-18,11,338,65,0
499,2024-10-06,2025-07-01,31,125,62,0
500,2024-12-01,2025-04-20,15,346,17,0
501,2024-09-03,2025-06-03,9,156,43,1
502,2024-09-14,2024-12-18,23,584,25,0
503,2024-06-08,2025-01-20,19,332,3,0
504,2024-12-05,2025-01-12,9,452,79,0
505,2024-05-31,2025-03-28,35,22,29,0
506,2024-06-26,2024-07-24,21,503,32,1
507,2024-06-11,2025-04-24,9,296,26,0
508,2024-02-02,2024-10-03,28,123,16,0
509,2024-06-27,2025-02-17,46,489,25,0
510,2024-04-10,2024-10-11,7,31,54,0
511,2024-09-24,2025-06-22,16,358,28,1
512,2024-11-18,2025-07-11,16,575,73,0
513,2024-03-05,2024-10-29,33,329,56,1
514,2024-06-16,2025-03-08,4,135,65,0
515,2024-11-25,2025-11-18,4,286,93,0
516,2024-02-12,2025-01-16,39,213,86,1
517,2024-02-13,2024-04-17,40,203,80,0
518,2024-10-11,2025-04-05,17,556,41,0
519,2024-01-12,2024-01-14,37,295,51,0
520,2024-04-04,2024-08-23,39,66,71,0
521,2024-10-28,2025-04-03,29,312,78,0
522,2024-09-09,2025-07-29,36,172,29,0
523,2024-08-29,2025-01-21,38,28,83,0
524,2024-02-04,2024-11-22,39,379,19,0
525,2024-08-02,2025-01-01,37,273,66,0
526,2024-12-02,2025-06-12,35,122,41,0
527,2024-03-30,2024-06-10,7,497,45,0
528,2024-09-20,2025-07-21,27,336,15,0
529,2024-04-02,2025-03-11,28,551,3,1
530,2024-03-30,2024-08-16,22,588,11,0
531,2024-04-24,2024-10-27,14,74,53,1
532,2024-04-14,2025-01-31,7,301,46,0
533,2024-07-14,2024-09-12,37,34,30,0
534,2024-11-09,2025-05-25,22,558,57,0
535,2024-04-23,2025-02-11,5,10,18,0
536,2024-03-15,2025-01-27,2,558,51,0
537,2024-08-04,2025-06-01,27,150,48,0
538,2024-10-03,2025-09-11,21,197,66,0
539,2024-09-05,2024-09-15,38,137,96,1
540,2024-06-12,2024-08-12,15,210,8,0
541,2024-12-22,2025-11-19,21,136,22,0
542,2024-07-10,2025-02-20,10,266,6,1
543,2024-08-14,2025-01-13,23,556,76,0
544,2024-06-25,2025-01-09,39,203,57,0
545,2024-04-08,2024-05-29,5,113,36,0
546,2024-02-05,2024-10-21,1,544,79,1
547,2024-04-05,2024-06-02,13,274,92,1
548,2024-05-31,2024-08-10,21,393,57,0
549,2024-05-30,2024-10-24,26,269,49,0
550,2024-07-08,2025-06-21,45,423,45,1
551,2024-08-11,2024-10-12,21,367,82,0
552,2024-02-06,2024-12-11,18,84,66,0
553,2024-09-24,2025-05-24,37,364,77,0
554,2024-07-01,2025-05-26,45,593,45,0
555,2024-01-13,2024-04-28,32,197,79,0
556,2024-10-05,2025-05-18,36,299,20,0
557,2024-08-04,2025-06-12,17,54,64,0
558,2024-12-20,2025-07-25,35,582,93,0
559,2024-12-26,2025-08-23,49,92,93,1
560,2024-10-12,2025-06-27,11,132,67,0
561,2024-09-29,2025-06-17,21,367,83,0
562,2024-03-02,2024-03-06,26,537,3,0
563,2024-03-24,2024-12-09,4,75,54,0
564,2024-08-04,2024-09-26,34,384,78,0
565,2024-12-07,2025-01-22,48,171,64,0
566,2024-07-05,2025-02-04,18,389,40,1
567,2024-01-19,2024-07-13,40,367,59,1
568,2024-06-25,2024-07-03,35,197,55,0
569,2024-04-09,2024-07-16,41,331,62,0
570,2024-08-20,2024-09-08,29,459,4,0
571,2024-03-16,2024-11-11,29,483,60,1
572,2024-09-21,2024-11-20,38,22,75,1
573,2024-10-10,2025-04-05,42,193,95,0
574,2024-07-24,2025-06-26,21,120,96,0
575,2024-08-10,2024-10-10,42,517,91,1
576,2024-02-21,2024-07-14,13,299,30,0
577,2024-12-04,2025-07-07,49,304,2,0
578,2024-05-23,2024-05-25,41,460,62,0
579,2024-03-09,2024-08-15,17,224,49,0
580,2024-04-08,2024-11-20,9,576,9,1
581,2024-01-25,2024-10-19,41,36,92,1
582,2024-02-22,2024-06-20,1,240,31,0
583,2024-05-30,2024-08-26,2,574,98,0
584,2024-05-23,2025-04-16,48,330,61,0
585,2024-02-26,2024-05-03,29,242,79,0
586,2024-02-08,2025-01-29,33,446,48,0
587,2024-04-18,2024-07-24,10,542,25,0
588,2024-06-29,2025-03-22,40,412,36,0
589,2024-02-11,2024-05-25,21,62,8,0
590,2024-07-04,2025-05-22,28,322,73,0
591,2024-08-10,2024-12-10,11,290,58,0
592,2024-05-01,2024-05-29,34,40,45,0
593,2024-05-12,2024-09-25,8,346,62,0
594,2024-06-11,2024-12-22,22,192,39,1
595,2024-08-02,2025-03-15,8,32,96,0
596,2024-08-08,2025-07-05,49,553,58,0
597,2024-08-22,2025-02-07,15,455,81,1
598,2024-11-26,2024-12-04,17,83,99,1
599,2024-05-25,2024-07-03,23,19,83,0
600,2024-08-26,2024-09-19,24,493,64,1
601,2024-03-16,2024-12-01,45,465,44,0
602,2024-01-09,2024-08-21,19,575,29,0
603,2024-03-14,2024-07-15,5,573,59,0
604,2024-09-09,2024-10-16,32,169,71,0
605,2024-08-17,2025-07-10,44,23,92,0
606,2024-01-07,2024-09-13,1,187,9,0
607,2024-06-22,2024-12-14,23,421,92,0
608,2024-05-20,2024-08-17,37,62,6,0
609,2024-06-16,2024-07-22,8,417,29,0
610,2024-06-18,2025-04-29,13,31,58,0
611,2024-10-09,2025-04-02,8,39,17,0
612,2024-05-01,2025-02-08,23,269,16,1
613,2024-07-12,2024-09-30,43,214,87,1
614,2024-01-05,2024-04-27,1,68,95,1
615,2024-01-29,2024-03-08,45,480,3,0
616,2024-06-13,2025-04-09,24,475,21,1
617,2024-12-04,2025-07-15,35,21,64,0
618,2024-05-15,2025-03-28,24,299,90,0
619,2024-12-30,2025-12-13,17,363,36,0
620,2024-11-16,2025-03-10,5,84,86,0
621,2024-12-07,2025-06-10,20,570,62,0
622,2024-05-24,2025-04-11,21,450,42,0
623,2024-11-22,2025-01-16,40,250,76,1
624,2024-08-04,2024-09-12,31,163,42,0
625,2024-10-27,2025-10-15,46,105,61,0
626,2024-05-11,2024-06-19,36,303,13,1
627,2024-10-18,2025-09-29,11,218,11,0
628,2024-03-10,2024-11-01,15,352,54,0
629,2024-09-08,2025-06-23,19,97,16,0
630,2024-10-01,2025-06-19,7,399,8,0
631,2024-12-29,2025-08-01,28,334,59,0
632,2024-06-30,2024-11-23,43,166,57,0
633,2024-06-15,2025-05-16,5,586,40,0
634,2024-03-31,2024-09-14,5,146,59,0
635,2024-07-20,2024-10-19,30,437,2,0
636,2024-12-11,2025-11-28,32,461,94,0
637,2024-01-19,2024-03-17,8,150,94,0
638,2024-02-08,2024-04-06,10,92,76,1
639,2024-05-05,2025-03-04,38,186,10,0
640,2024-06-21,2024-12-06,47,207,44,0
641,2024-05-20,2025-02-12,32,577,11,0
642,2024-08-29,2025-08-26,48,430,79,0
643,2024-08-07,2024-09-20,28,410,80,0
644,2024-05-05,2025-04-14,17,480,81,0
645,2024-02-27,2024-08-25,31,227,90,1
646,2024-05-27,2024-11-12,8,184,2,1
647,2024-11-12,2025-11-02,40,32,50,0
648,2024-12-26,2025-07-04,25,244,12,1
649,2024-01-01,2024-06-03,9,22,90,0
650,2024-12-13,2025-06-18,2,110,23,0
651,2024-07-08,2024-07-14,15,545,18,0
652,2024-07-09,2024-11-18,3,532,62,0
653,2024-11-07,2025-06-29,49,461,96,1
654,2024-04-26,2024-06-09,36,440,62,0
655,2024-05-13,2025-03-22,4,542,38,0
656,2024-02-27,2024-11-01,14,302,67,1
657,2024-02-13,2024-03-14,41,110,38,0
658,2024-06-21,2024-07-13,41,511,67,0
659,2024-06-08,2024-11-14,25,313,94,0
660,2024-06-21,2025-06-18,10,549,61,1
661,2024-11-12,2025-04-18,21,562,1,1
662,2024-10-29,2024-12-06,36,364,94,0
663,2024-05-28,2024-08-17,12,312,45,0
664,2024-03-20,2025-03-10,27,505,96,0
665,2024-07-31,2025-04-14,40,236,28,1
666,2024-07-21,2025-02-11,2,245,21,0
667,2024-09-08,2024-11-23,13,464,13,0
668,2024-08-16,2024-08-27,32,22,27,1
669,2024-06-12,2025-04-02,31,219,7,0
670,2024-08-14,2025-03-25,16,406,22,0
671,2024-05-26,2024-06-07,32,109,74,0
672,2024-01-20,2024-03-05,32,40,53,1
673,2024-02-16,2024-07-19,34,537,79,0
674,2024-08-20,2024-12-10,11,338,79,0
675,2024-10-31,2025-06-20,10,175,4,0
676,2024-01-14,2024-01-30,15,468,96,0
677,2024-05-22,2025-05-16,17,109,23,0
678,2024-01-01,2024-08-10,40,182,70,0
679,2024-02-23,2025-02-10,18,171,88,1
680,2024-09-15,2025-03-21,9,272,84,0
681,2024-05-23,2025-05-01,25,283,84,0
682,2024-01-12,2025-01-10,40,12,76,0
683,2024-11-25,2025-05-06,14,37,33,0
684,2024-08-11,2025-07-02,25,335,28,1
685,2024-09-28,2024-12-10,22,158,8,0
686,2024-12-23,2025-08-12,30,549,1,0
687,2024-06-04,2025-01-13,20,497,37,0
688,2024-01-08,2024-11-21,21,447,63,0
689,2024-05-01,2024-06-29,44,74,22,0
690,2024-12-13,2025-11-12,32,365,70,0
691,2024-06-12,2025-01-19,46,542,21,1
692,2024-03-30,2024-05-05,49,261,96,1
693,2024-05-15,2025-02-16,21,244,35,0
694,2024-07-04,2025-01-15,35,236,79,1
695,2024-11-11,2025-10-28,32,534,5,0
696,2024-06-26,2025-02-22,30,322,60,0
697,2024-01-28,2024-12-16,39,58,46,0
698,2024-08-07,2025-03-13,49,127,50,0
699,2024-12-22,2025-07-01,12,63,48,0
700,2024-02-10,2024-02-26,41,574,6,0
701,2024-08-15,2024-08-26,47,53,89,0
702,2024-07-10,2025-01-18,18,62,56,0
703,2024-05-24,2024-06-14,21,595,59,0
704,2024-07-19,2024-11-15,13,567,29,1
705,2024-07-30,2025-02-24,21,534,71,0
706,2024-08-07,2025-06-08,8,111,77,0
707,2024-08-27,2025-05-23,46,407,18,0
708,2024-02-15,2024-08-24,40,147,2,0
709,2024-02-04,2024-07-27,46,396,8,1
710,2024-09-09,2025-06-20,7,120,75,0
711,2024-03-22,2024-10-11,23,26,97,0
712,2024-09-12,2025-02-22,44,191,54,1
713,2024-07-15,2025-03-22,32,545,38,0
714,2024-10-29,2025-06-12,11,550,48,0
715,2024-01-10,2024-01-16,22,180,27,0
716,2024-11-07,2024-12-05,22,418,20,1
717,2024-10-12,2024-11-13,43,387,12,0
718,2024-08-29,2025-01-09,25,197,43,0
719,2024-09-07,2024-11-24,22,239,61,0
720,2024-12-30,2025-02-25,28,128,31,0
721,2024-01-05,2024-01-30,29,165,91,0
722,2024-04-28,2024-12-09,13,474,96,0
723,2024-10-15,2025-07-26,18,113,61,0
724,2024-03-05,2024-03-08,2,511,74,1
725,2024-05-25,2024-08-31,29,184,67,1
726,2024-08-11,2024-09-18,21,430,91,0
727,2024-08-26,2025-05-23,15,143,35,1
728,2024-06-25,2025-04-05,27,400,95,0
729,2024-09-23,2025-02-26,31,510,15,0
730,2024-12-06,2025-02-18,15,42,16,0
731,2024-10-08,2025-07-22,23,64,13,1
732,2024-03-03,2024-07-10,24,528,35,1
733,2024-08-04,2025-01-25,44,21,75,0
734,2024-12-07,2025-02-28,13,537,59,1
735,2024-11-10,2024-12-01,22,564,21,0
736,2024-10-09,2024-11-04,43,382,54,1
737,2024-06-25,2025-01-05,37,493,75,1
738,2024-04-07,2025-03-09,33,237,30,0
739,2024-04-14,2024-12-05,3,316,48,1
740,2024-04-08,2024-07-08,19,466,35,0
741,2024-11-06,2024-11-26,23,169,86,0
742,2024-01-06,2024-11-03,29,340,38,0
743,2024-07-15,2025-07-06,30,234,31,0
744,2024-12-16,2025-03-09,39,513,78,1
745,2024-05-12,2025-01-28,44,465,24,0
746,2024-12-23,2025-05-18,47,54,49,0
747,2024-09-15,2025-05-29,25,223,96,1
748,2024-01-23,2024-03-20,37,68,32,1
749,2024-02-22,2024-03-07,47,204,55,0
750,2024-06-13,2024-11-21,8,498,79,1
751,2024-07-20,2024-12-29,42,166,58,0
752,2024-03-23,2025-02-05,16,235,99,1
753,2024-05-24,2025-02-28,8,421,3,0
754,2024-03-25,2024-12-29,1,214,80,0
755,2024-03-18,2024-03-29,44,88,69,0
756,2024-01-01,2024-09-30,5,133,85,0
757,2024-02-20,2024-11-16,3,480,10,0
758,2024-06-21,2025-01-14,1,227,83,0
759,2024-07-23,2024-08-18,4,525,25,0
760,2024-09-16,2024-11-26,40,113,68,1
761,2024-10-14,2024-12-12,35,402,61,0
762,2024-02-03,2024-06-26,32,443,29,0
763,2024-12-13,2025-03-15,42,340,19,0
764,2024-04-04,2025-02-06,34,152,43,0
765,2024-03-12,2024-03-19,43,549,66,1
766,2024-02-08,2024-04-26,25,287,74,1
767,2024-06-02,2024-06-28,10,242,61,0
768,2024-09-06,2025-02-26,21,538,43,0
769,2024-06-10,2024-07-29,46,580,25,1
770,2024-04-27,2024-11-11,39,99,20,0
771,2024-09-15,2025-08-29,27,501,48,1
772,2024-11-01,2025-04-30,27,208,83,0
773,2024-09-24,2024-10-17,2,371,87,1
774,2024-02-23,2025-01-03,41,450,24,0
775,2024-08-23,2024-10-07,48,35,11,0
776,2024-08-09,2024-08-23,13,34,98,1
777,2024-09-07,2025-02-06,9,403,55,0
778,2024-11-08,2025-06-17,36,516,28,0
779,2024-04-21,2024-11-12,22,310,69,0
780,2024-09-11,2025-06-10,42,348,63,0
781,2024-10-29,2025-06-21,26,276,59,0
782,2024-07-25,2025-06-29,12,470,5,0
783,2024-08-16,2025-03-31,17,465,51,0
784,2024-12-06,2024-12-14,14,369,21,0
785,2024-03-06,2024-08-18,14,77,12,1
786,2024-03-15,2025-01-27,34,421,50,0
787,2024-04-12,2024-11-11,20,500,4,0
788,2024-07-10,2024-11-03,11,58,42,0
789,2024-09-08,2025-08-17,16,573,84,0
790,2024-08-13,2024-10-23,31,111,38,0
791,2024-10-20,2024-12-22,6,225,25,0
792,2024-11-01,2025-05-24,19,447,14,0
793,2024-04-07,2024-11-01,37,578,75,0
794,2024-12-03,2025-02-12,4,568,32,0
795,2024-10-12,2025-07-15,47,168,11,0
796,2024-11-30,2025-08-30,4,498,61,0
797,2024-12-12,2025-10-27,20,251,18,0
798,2024-11-03,2025-10-06,10,14,27,0
799,2024-09-05,2024-12-08,24,370,55,0
800,2024-06-14,2024-11-26,35,468,54,1
801,2024-11-30,2024-12-31,26,257,82,0
802,2024-01-30,2024-02-09,37,575,87,0
803,2024-09-03,2025-06-30,38,431,75,0
804,2024-04-15,2024-11-17,21,24,21,0
805,2024-02-20,2024-12-04,40,582,44,0
806,2024-03-21,2024-06-30,39,131,5,0
807,2024-05-12,2025-02-02,21,286,87,1
808,2024-10-11,2025-05-12,10,567,41,0
809,2024-05-17,2024-11-11,38,462,59,1
810,2024-07-02,2024-09-27,46,399,89,0
811,2024-11-25,2025-01-04,4,303,54,0
812,2024-09-29,2024-12-13,45,583,74,0
813,2024-12-05,2025-01-19,20,455,22,0
814,2024-03-09,2024-08-15,17,219,83,0
815,2024-02-03,2024-04-22,7,599,65,0
816,2024-09-18,2025-07-24,4,311,64,0
817,2024-02-22,2024-05-17,29,232,71,1
818,2024-07-23,2024-10-22,14,12,4,1
819,2024-05-05,2024-09-29,3,527,65,0
820,2024-08-22,2025-01-29,24,102,15,0
821,2024-02-12,2024-08-31,37,529,76,0
822,2024-08-27,2025-04-25,16,437,22,0
823,2024-04-20,2025-04-07,4,502,86,0
824,2024-09-05,2024-09-06,24,244,47,0
825,2024-05-30,2025-01-09,34,170,81,0
826,2024-07-01,2025-04-15,30,340,93,0
827,2024-12-01,2025-07-21,18,342,46,1
828,2024-04-04,2024-06-19,19,59,14,0
829,2024-01-08,2024-05-02,31,532,50,1
830,2024-12-25,2025-05-27,19,501,20,0
831,2024-07-02,2024-10-12,49,591,50,0
832,2024-10-07,2025-04-18,46,281,33,0
833,2024-07-13,2024-12-25,19,589,59,0
834,2024-12-17,2025-12-10,22,261,43,0
835,2024-07-13,2024-10-10,24,569,79,0
836,2024-06-03,2024-11-23,45,99,12,0
837,2024-04-02,2024-08-01,12,455,40,0
838,2024-06-08,2024-10-28,30,341,20,0
839,2024-03-01,2024-06-14,38,148,94,0
840,2024-05-01,2025-03-01,31,366,38,0
841,2024-02-20,2025-02-13,36,283,3,0
842,2024-10-03,2025-08-15,19,28,28,0
843,2024-01-05,2024-05-06,48,320,56,0
844,2024-04-01,2024-04-09,45,163,90,1
845,2024-06-18,2025-03-06,36,399,94,0
846,2024-11-12,2025-01-23,30,269,13,1
847,2024-01-22,2025-01-14,49,580,77,0
848,2024-11-21,2025-07-01,33,134,66,0
849,2024-01-01,2024-02-10,18,363,37,0
850,2024-05-12,2024-12-01,49,282,49,0
851,2024-08-20,2025-05-10,28,254,66,0
852,2024-01-12,2024-12-04,47,459,36,1
853,2024-12-11,2025-06-06,11,256,54,0
854,2024-02-15,2025-01-27,45,529,26,0
855,2024-02-03,2024-12-16,33,150,75,0
856,2024-03-18,2024-06-09,17,371,72,1
857,2024-08-05,2025-06-18,6,17,40,0
858,2024-10-27,2025-02-14,4,487,43,0
859,2024-03-13,2024-11-18,20,361,22,0
860,2024-10-08,2024-10-14,48,504,20,1
861,2024-09-05,2024-11-27,47,436,8,1
862,2024-02-16,2024-09-10,27,48,29,0
863,2024-04-30,2025-03-09,15,196,40,1
864,2024-08-01,2024-08-22,6,102,90,1
865,2024-08-26,2024-08-28,47,95,30,0
866,2024-02-25,2024-06-30,14,53,81,0
867,2024-12-15,2025-10-07,11,146,84,0
868,2024-04-16,2024-10-20,39,430,55,1
869,2024-11-14,2025-11-10,9,83,16,0
870,2024-02-17,2024-03-01,26,557,46,1
871,2024-03-01,2024-03-12,16,521,62,0
872,2024-12-02,2025-02-26,5,165,7,1
873,2024-01-26,2024-02-06,10,264,80,0
874,2024-10-18,2024-11-11,3,180,45,0
875,2024-09-13,2025-07-10,13,179,59,1
876,2024-01-08,2024-09-06,43,331,56,1
877,2024-04-22,2024-08-21,49,576,48,1
878,2024-12-20,2025-05-15,30,465,27,0
879,2024-09-09,2024-11-02,45,164,53,0
880,2024-06-28,2025-02-20,6,358,87,0
881,2024-07-25,2025-07-15,17,460,88,0
882,2024-10-29,2025-04-19,45,182,73,0
883,2024-05-06,2024-12-12,19,19,35,0
884,2024-02-25,2024-06-22,42,274,51,0
885,2024-08-01,2025-06-05,35,447,84,1
886,2024-01-14,2024-07-14,46,256,37,0
887,2024-01-28,2024-11-10,26,555,81,0
888,2024-03-18,2025-01-18,5,508,95,0
889,2024-08-03,2025-05-29,29,138,57,0
890,2024-12-30,2025-03-21,37,336,8,0
891,2024-06-02,2024-12-29,20,413,79,1
892,2024-01-14,2024-06-11,49,368,95,1
893,2024-07-05,2024-08-10,21,26,94,1
894,2024-11-07,2025-10-24,10,283,20,1
895,2024-01-07,2024-11-13,5,125,53,0
896,2024-01-03,2024-12-28,36,100,12,0
897,2024-04-20,2024-06-17,6,91,49,0
898,2024-08-25,2025-01-02,26,333,17,0
899,2024-12-28,2025-07-17,4,123,64,0
900,2024-08-26,2025-04-25,39,67,42,0
901,2024-09-30,2024-11-03,39,163,94,0
902,2024-10-20,2025-01-20,35,413,29,0
903,2024-08-14,2025-03-08,1,275,19,0
904,2024-01-15,2025-01-01,24,324,11,0
905,2024-07-10,2025-06-06,36,50,98,0
906,2024-04-28,2025-02-26,6,114,50,0
907,2024-01-28,2025-01-11,41,202,71,0
908,2024-07-20,2025-02-17,46,410,58,1
909,2024-02-08,2024-07-15,44,287,34,0
910,2024-09-29,2024-10-22,31,363,20,0
911,2024-08-18,2025-06-06,20,589,50,1
912,2024-03-26,2024-03-29,24,265,88,0
913,2024-05-05,2024-12-10,25,108,10,0
914,2024-10-26,2025-10-24,36,597,32,0
915,2024-01-25,2024-02-13,21,291,52,0
916,2024-05-24,2024-10-22,30,412,15,1
917,2024-01-13,2024-03-02,24,118,84,1
918,2024-07-30,2025-01-22,44,208,3,0
919,2024-01-25,2024-04-29,42,312,37,0
920,2024-03-08,2024-06-20,30,336,40,0
921,2024-03-07,2024-11-11,22,163,72,0
922,2024-08-20,2024-12-14,28,561,40,0
923,2024-04-18,2025-04-06,7,414,56,0
924,2024-05-25,2025-01-07,35,471,23,0
925,2024-04-20,2024-06-24,28,141,11,0
926,2024-08-15,2025-07-15,14,93,64,0
927,2024-04-20,2025-01-06,10,408,8,0
928,2024-02-03,2024-11-23,16,118,93,0
929,2024-04-20,2024-12-18,16,230,94,1
930,2024-09-20,2025-03-24,31,562,56,0
931,2024-08-23,2025-04-25,42,377,60,0
932,2024-03-23,2024-07-25,25,156,10,1
933,2024-02-11,2024-11-04,13,121,39,0
934,2024-04-10,2024-08-18,6,567,28,0
935,2024-01-06,2024-08-29,44,503,49,0
936,2024-06-28,2024-07-15,9,514,36,0
937,2024-10-08,2024-11-16,45,484,13,0
938,2024-11-15,2024-12-05,36,280,96,0
939,2024-08-13,2025-03-25,43,430,36,0
940,2024-11-10,2025-10-30,20,376,26,1
941,2024-12-30,2025-10-07,18,289,86,0
942,2024-08-16,2024-08-23,43,292,4,0
943,2024-10-15,2025-01-22,21,49,95,1
944,2024-05-29,2025-01-23,4,198,82,0
945,2024-10-03,2024-12-28,33,173,64,1
946,2024-07-16,2025-05-09,27,545,38,0
947,2024-03-10,2024-03-23,7,545,88,1
948,2024-04-21,2025-03-20,6,13,87,0
949,2024-01-04,2024-01-05,15,299,22,1
950,2024-12-15,2025-10-03,18,442,2,1
951,2024-11-26,2025-10-16,32,480,31,0
952,2024-11-13,2024-12-23,11,190,11,0
953,2024-12-15,2025-10-28,20,257,92,0
954,2024-04-04,2025-02-13,24,288,46,0
955,2024-05-31,2024-09-18,15,590,96,0
956,2024-11-06,2024-11-19,48,263,62,0
957,2024-05-16,2025-01-01,7,190,69,0
958,2024-09-03,2024-11-25,21,518,64,0
959,2024-08-30,2025-01-06,42,575,10,0
960,2024-01-31,2024-09-17,26,335,40,0
961,2024-02-09,2024-12-30,44,366,24,0
962,2024-08-16,2025-01-07,14,400,99,0
963,2024-02-05,2025-01-14,37,94,44,0
964,2024-08-10,2024-09-06,21,326,60,0
965,2024-01-06,2024-03-11,18,221,62,0
966,2024-11-17,2025-04-28,5,524,87,0
967,2024-08-07,2025-03-23,3,393,17,0
968,2024-03-15,2024-11-30,23,351,65,1
969,2024-01-04,2024-06-15,26,47,95,0
970,2024-11-30,2025-09-26,37,520,95,0
971,2024-05-13,2025-03-11,24,429,57,0
972,2024-04-27,2025-02-07,49,178,55,1
973,2024-04-03,2024-04-12,19,352,53,1
974,2024-03-02,2024-09-12,25,315,56,0
975,2024-07-12,2024-11-06,21,551,98,0
976,2024-11-30,2025-08-26,12,546,9,1
977,2024-07-21,2024-10-08,41,121,22,0
978,2024-01-26,2024-04-27,33,420,13,0
979,2024-06-21,2025-03-13,4,215,89,0
980,2024-10-26,2025-09-22,42,194,48,0
981,2024-05-12,2025-04-26,7,391,18,1
982,2024-11-21,2025-11-16,22,505,76,1
983,2024-04-27,2025-01-08,33,388,40,1
984,2024-11-19,2025-03-31,17,56,17,0
985,2024-10-01,2025-07-03,24,560,15,1
986,2024-07-30,2025-04-19,34,537,15,0
987,2024-08-12,2025-01-29,28,513,79,0
988,2024-01-20,2024-01-20,43,31,63,1
989,2024-04-22,2025-02-28,41,222,39,0
990,2024-05-19,2024-07-21,39,319,13,0
991,2024-02-16,2024-11-25,22,281,81,0
992,2024-01-01,2024-04-30,49,580,32,1
993,2024-03-30,2024-07-14,17,211,9,0
994,2024-05-21,2024-11-11,34,41,40,0
995,2024-11-15,2025-06-06,6,452,20,0
996,2024-02-07,2024-07-20,46,171,90,1
997,2024-10-19,2025-08-19,6,263,91,1
998,2024-05-18,2024-09-14,34,530,85,0
999,2024-12-21,2025-02-02,1,489,82,0
1000,2024-11-28,2025-10-05,10,19,77,0
